
<!DOCTYPE beans PUBLIC "-//SPRING//DTD BEAN 2.0//EN" "http://www.springframework.org/dtd/spring-beans-2.0.dtd">
<beans>
 <!--7. -->
<bean id="connDetails"
		class="org.springframework.jdbc.datasource.DriverManagerDataSource">
		
		<property name="driverClassName">
			<value>com.mysql.jdbc.Driver</value>
		</property>
		<property name="url">
			<value>jdbc:mysql://localhost:3306/mydb</value>
		</property>
		<property name="username">
			<value>root</value>
		</property>
		<property name="password">
			<value>root</value>
		</property>
		     <!--8. -->
	</bean>
	
	   <!--4. -->
	 <bean id="train2" class="com.kani.springdao.TrainDaoImpl"  >   <!--9. -->
		 <property name="dataSource">  <!--5. -->
			<ref bean="connDetails" />  <!--6. -->
		</property> 
	</bean>  	
	
	
	
	
	
	
	
	<!-- 
	
	<bean id="accountDao" class="AccountDaoImpl" autowire="byType"  >
		<property name="dataSource">
			<ref bean="dataSource" />
		</property>
	</bean>  -->
	
	
	<!-- If bean property names and <bean> element 'id' attribute values are same, then we can use autowire attribute-->
	<!-- autowire attribute reduces configuration. --><!--
	
<bean id="accountDao" class="AccountDaoImpl" autowire="byType"/>

-->


</beans>