<?xml version="1.0" encoding="UTF-8"?>
<!DOCTYPE beans PUBLIC "-//SPRING//DTD BEAN 2.0//EN" "http://www.springframework.org/dtd/spring-beans-2.0.dtd">
<beans>
	<bean id="dataSource" class="org.apache.commons.dbcp.BasicDataSource">
		<property name="driverClassName">
			<value>com.mysql.jdbc.Driver</value>
		</property>
		<property name="url">
			<value>jdbc:mysql://localhost:3306/mydb</value>
		</property>
		<property name="username">
			<value>root</value>
		</property>
		<property name="password">
			<value>root</value>
		</property>
		<property name="initialSize">
			<value>5</value>
		</property>
		<property name="maxActive">
			<value>10</value>
		</property>
	</bean>
	<bean id="jdbcTemplate" 
	       class="org.springframework.jdbc.core.JdbcTemplate">
		<!-- constructor based IOC -->
		<constructor-arg>
			<ref bean="dataSource" />
		</constructor-arg>
	</bean>
	<bean name="/nc.htm" class="beans.NewCustomerController">
		<property name="jt">
			<ref bean="jdbcTemplate" />
		</property>
	</bean>
</beans>