<?xml version="1.0" encoding="UTF-8"?>
<!DOCTYPE beans PUBLIC "-//SPRING//DTD BEAN 2.0//EN"
    "http://www.springframework.org/dtd/spring-beans-2.0.dtd">
    
<beans>
    
  <bean id="productService1" class="com.cgi.myspring.ProductServiceImpl">
      <constructor-arg>   <!-- 5. -->  <!-- .  Constructor Injection     4. -->
                <value>MacAir2021M1</value>
      </constructor-arg>
  
  </bean>
   
   <bean id="productService2"  class="com.cgi.myspring.ProductServiceImpl">
      <property name="products">   <!-- .  Setter Injection   12 -->
         <value>MacPro2021M1</value>  <!-- 13 -->
       </property>
  
   </bean>
   
</beans>